Conf;Ed;Paper;URL;Code;Suspicious;Live;Ref;DOI;Type
ICSE;2008;p111-cheung.pdf;http://sunset.usc.edu/~neno/cs477_2003/;200;false;true;false;false;other
ICSE;2008;p111-cheung.pdf;http://vista.usc.edu/~lccheung/reliability/;443;false;false;false;false;other
ICSE;2008;p121-whittle.pdf;http://www.scenarioplus.org.uk/;200;false;true;false;false;other
ICSE;2008;p121-whittle.pdf;http://www.omg.org;200;false;true;false;false;other
ICSE;2008;p171-wassermann.pdf;http://www.brics.dk/JSA/;200;false;true;false;false;other
ICSE;2008;p171-wassermann.pdf;http://garbo;404;true;false;false;false;other
ICSE;2008;p171-wassermann.pdf;http://www.darkreading.com/;200;false;true;false;false;other
ICSE;2008;p191-lung.pdf;http://eres.library.utoronto.ca;200;false;true;false;false;other
ICSE;2008;p191-lung.pdf;http://www.cs.mdx.ac.uk/research/PhDArea/saeed;404;false;false;false;false;academic
ICSE;2008;p271-chen.pdf;http://www.comp.nus.edu.sg/~chenchun/TIC2PVS;404;false;false;false;false;other
ICSE;2008;p341-ruthruff.pdf;http://;404;false;false;false;false;other
ICSE;2008;p341-ruthruff.pdf;http://r-project.org/;200;false;true;false;false;other
ICSE;2008;p361-ricca.pdf;http://www.rcost.unisannio.it/mdipenta/Fit-Package.zip;200;false;true;false;false;other
ICSE;2008;p361-ricca.pdf;http://www;404;false;false;false;false;other
ICSE;2008;p361-ricca.pdf;http://www.bandxi.com/;200;false;true;false;false;other
ICSE;2008;p371-mei.pdf;http://www.oracle.com/technology/products/ias/bpel/;404;false;false;false;false;other
ICSE;2008;p371-mei.pdf;http://docs.oasis-open.org/wsBPEL/2.0/wsBPEL-v2.0.html;404;false;false;false;false;other
ICSE;2008;p371-mei.pdf;http://svn.apache.org/viewvc/webservices/wsif/trunk/java/samples/;404;false;false;false;false;other
ICSE;2008;p371-mei.pdf;http://www.w3c.org/TR/xpath20/;200;false;true;false;false;other
ICSE;2008;p371-mei.pdf;http://www.alphaworks.ibm.com/tech/bpws4j;666;false;false;false;false;other
ICSE;2008;p41-sibay.pdf;http://lafhis.dc.uba.ar/~suchitel/MTSA.html;500;false;false;false;false;other
ICSE;2008;p491-wang.pdf;http://www.planet-lab.org/;200;false;true;false;false;other
ICSE;2008;p491-wang.pdf;http://plush.ucsd.edu/;443;false;false;false;false;other
ICSE;2008;p491-wang.pdf;http://www.inf.unisi.ch/carzaniga/weevil/;200;false;true;false;false;other
ICSE;2008;p491-wang.pdf;http://www.emulab.net/;200;false;true;false;false;other
ICSE;2008;p491-wang.pdf;http://www.cs.washington.edu/research/networking/cplane;200;false;true;false;false;other
ICSE;2008;p491-wang.pdf;http://jakarta.apache.org/jmeter/;200;false;true;false;false;other
ICSE;2008;p491-wang.pdf;http://www.starbed.org/;443;false;false;false;false;other
ICSE;2008;p501-lorenzoli.pdf;http://aspectwerkz.codehaus.org/;404;false;false;false;false;other
ICSE;2008;p501-lorenzoli.pdf;http://logging.apache.org/log4j/;200;false;true;false;false;other
ICSE;2008;p501-lorenzoli.pdf;http://jabref.sourceforge.net/;200;false;true;false;false;other
ICSE;2008;p501-lorenzoli.pdf;http://www.jcvs.org;200;false;true;false;false;other
ICSE;2008;p501-lorenzoli.pdf;http://www.jedit.org;200;false;true;false;false;other
ICSE;2008;p501-lorenzoli.pdf;http://www.squirrelsql.org/;200;false;true;false;false;other
ICSE;2008;p501-lorenzoli.pdf;http://makagiga.sourceforge.net;200;false;true;false;false;other
ICSE;2008;p501-lorenzoli.pdf;http://www.eclipse.org/tptp/;200;false;true;false;false;other
ICSE;2008;p521-nagappan.pdf;http://research.microsoft.com;200;false;true;false;false;other
ICSE;2008;p541-rigby.pdf;http://www.koders.com;200;false;true;false;false;other
ICSE;2008;p541-rigby.pdf;http://news.netcraft.com/archives/2006/04/06/;200;false;true;false;false;other
ICSE;2008;p541-rigby.pdf;http://www.reasoning.com/downloads.html;404;false;false;false;false;other
ICSE;2008;p603-deissenboeck.pdf;http://conqat.cs.tum.edu/;404;false;false;false;false;other
ICSE;2008;p61-lu.pdf;http://www.r;404;false;false;false;false;other
ICSE;2008;p673-xiao.pdf;http://www.healthagents.net/;200;false;true;false;false;other
ICSE;2008;p673-xiao.pdf;http://www.openk.org/;403;false;false;false;false;other
ICSE;2008;p875-hohn.pdf;http://www.jurjens.de/jan;200;false;true;false;false;other
ICSE;2008;p875-hohn.pdf;http://www.telematik.uni-freiburg.de/rubacon;404;false;false;false;false;other
ICSE;2008;p875-hohn.pdf;http://www.systemwire.com;200;false;true;false;false;other
ICSE;2011;p121-chandra.pdf;http://babel;404;false;false;false;false;other
ICSE;2011;p121-chandra.pdf;http://jtopas.sourceforge.net/jtopas/index.html;200;false;true;false;false;other
ICSE;2011;p121-chandra.pdf;http://sir.unl.edu/portal/index.html;200;false;true;false;false;other
ICSE;2011;p121-chandra.pdf;http://www.emn.fr/z-info/choco-solver;200;false;true;false;false;other
ICSE;2011;p171-bhattacharya.pdf;http://www.mozilla.com/firefox;200;false;true;false;false;other
ICSE;2011;p171-bhattacharya.pdf;http://www.blender.org;200;false;true;false;false;other
ICSE;2011;p171-bhattacharya.pdf;http://www.videolan.org;200;false;true;false;false;other
ICSE;2011;p171-bhattacharya.pdf;http://www.mysql.com;200;false;true;false;false;other
ICSE;2011;p171-bhattacharya.pdf;http://garbo;404;true;false;false;false;other
ICSE;2011;p171-bhattacharya.pdf;https://launchpad.net/mysql-server;200;false;true;false;false;other
ICSE;2011;p171-bhattacharya.pdf;http://bazaar.launchpad.net/~mysql/;404;false;false;false;false;other
ICSE;2011;p171-bhattacharya.pdf;http://www.cs.ucr.edu/~pamelab/tr.pdf;404;false;false;false;false;other
ICSE;2011;p171-bhattacharya.pdf;https://projects.blender.org/tracker;200;false;true;false;false;other
ICSE;2011;p171-bhattacharya.pdf;http://www.blender.org/forum/;200;false;true;false;false;other
ICSE;2011;p171-bhattacharya.pdf;https://svn.blender.org/svnroot/;403;false;false;false;false;other
ICSE;2011;p171-bhattacharya.pdf;http://garbo;404;true;false;false;false;other
ICSE;2011;p171-bhattacharya.pdf;https://bugzilla.mozilla.org/;200;false;true;false;false;other
ICSE;2011;p171-bhattacharya.pdf;http://www.langpop.com/;404;false;false;false;false;other
ICSE;2011;p171-bhattacharya.pdf;http://msquaredtechnologies.com/;200;false;true;false;false;other
ICSE;2011;p171-bhattacharya.pdf;http://msquaredtechnologies;404;false;false;false;false;other
ICSE;2011;p171-bhattacharya.pdf;http://www.computerworld;404;false;false;false;false;other
ICSE;2011;p171-bhattacharya.pdf;http://www.tiobe.com/index.php/;200;false;true;false;false;other
ICSE;2011;p171-bhattacharya.pdf;http://trac.videolan.org/;404;false;false;false;false;other
ICSE;2011;p171-bhattacharya.pdf;http://garbo;404;true;false;false;false;other
ICSE;2011;p181-dumitru.pdf;http://www.SoftPedia.com;200;false;true;false;false;other
ICSE;2011;p21-clause.pdf;http://garbo;404;true;false;false;false;other
ICSE;2011;p21-clause.pdf;http://htmlparser.sourceforge;404;false;false;false;false;other
ICSE;2011;p21-clause.pdf;http://javapathfinder.sourceforge.ne;404;false;false;false;false;other
ICSE;2011;p21-clause.pdf;http://sir.unl.edu;200;false;true;false;false;other
ICSE;2011;p21-clause.pdf;http://;404;false;false;false;false;other
ICSE;2011;p21-clause.pdf;http://nanoxml.n3.net/bJesse;404;false;false;false;false;other
ICSE;2011;p21-clause.pdf;http://www.w3.org/1999/xhtml;200;false;true;false;false;other
ICSE;2011;p21-clause.pdf;http://nanoxml.n3.net/bar';404;false;false;false;false;other
ICSE;2011;p21-clause.pdf;http://yices.csl.sri.com/tool-paper.pd;404;false;false;false;false;other
ICSE;2011;p21-clause.pdf;http://oca.microsoft.com/en/dcp20.asp;443;false;false;false;false;other
ICSE;2011;p21-clause.pdf;http://developer.apple.com/technotes/tn2004/tn2123.htm;200;false;true;false;false;other
ICSE;2011;p21-clause.pdf;http://garbo;404;true;false;false;false;other
ICSE;2011;p21-clause.pdf;http://www.microsoft.com/whdc/maintain/StartWER.msp;404;false;false;false;false;other
ICSE;2011;p21-clause.pdf;http://code.google.com/p/tmin;200;false;true;false;false;other
ICSE;2011;p21-clause.pdf;http://www.apple.com/legal/privacy;200;false;true;false;false;other
ICSE;2011;p211-dippolito.pdf;http://www.doc.ic.ac.uk/;200;false;true;false;false;academic
ICSE;2011;p251-yu.pdf;http://www.brics.dk/mona/;200;false;true;false;false;other
ICSE;2011;p281-meneely.pdf;http://jung.sourceforge.net;200;false;true;false;false;other
ICSE;2011;p281-meneely.pdf;http://www.kernel.org;200;false;true;false;false;other
ICSE;2011;p281-meneely.pdf;http://www.php.net/mailing-lists.php;200;false;true;false;false;other
ICSE;2011;p281-meneely.pdf;http://wiki.wireshark.org/Developers;200;false;true;false;false;other
ICSE;2011;p301-kim.pdf;http://ropas;404;false;false;false;false;other
ICSE;2011;p301-kim.pdf;http://ropas.snu.ac.kr/mecc;200;false;true;false;false;academic
ICSE;2011;p301-kim.pdf;http://ropas.snu.ac;404;false;false;false;false;other
ICSE;2011;p341-filieri.pdf;http://home.dei.polimi.it/;200;false;true;false;false;other
ICSE;2011;p341-filieri.pdf;http://gcc.gnu.org;200;false;true;false;false;other
ICSE;2011;p341-filieri.pdf;http://math.nist.gov/javanumerics/jama;200;false;true;false;false;other
ICSE;2011;p341-filieri.pdf;http://depend.cs.uni-sb.de/tools/param;200;false;true;false;false;other
ICSE;2011;p441-steimann.pdf;http://www.feu.de/ps/prjs/IROP;200;false;true;false;false;other
ICSE;2011;p441-steimann.pdf;http://martinfowler.com/apsupp/roles.pdf;200;false;true;false;false;other
ICSE;2011;p441-steimann.pdf;http://www.eclipse.org;200;false;true;false;false;other
ICSE;2011;p51-winter.pdf;http://msdn.microsoft.com/;200;false;true;false;false;other
ICSE;2011;p51-winter.pdf;http://msdn;404;false;false;false;false;other
ICSE;2011;p51-winter.pdf;http://msdn;404;false;false;false;false;other
ICSE;2011;p51-winter.pdf;http://www.campwoodsw.com/sourcemonitor.html;200;false;true;false;false;other
ICSE;2011;p51-winter.pdf;http://www.dwheeler.com/sloccount/;666;false;false;false;false;other
ICSE;2011;p591-lee.pdf;http://hdl.handle.net/2142/15109;200;false;true;false;false;other
ICSE;2011;p591-lee.pdf;http://download;404;false;false;false;false;other
ICSE;2011;p591-lee.pdf;http://fsl.cs.uiuc.edu/jMiner;200;false;true;false;false;other
ICSE;2011;p663-kazman.pdf;http://www.netl.doe.gov/smartgrid/referenceshelf/whitepaper;200;false;true;false;false;other
ICSE;2011;p663-kazman.pdf;http://dx.doi.org/10.1016/j.enpol.2010.01.027;200;false;true;false;false;other
ICSE;2011;p663-kazman.pdf;http://www.zpryme.com/SmartGridInsights/2010_Smart_Ap;404;false;false;false;false;other
ICSE;2011;p71-schaefer.pdf;http://progtools;404;false;false;false;false;other
ICSE;2011;p71-schaefer.pdf;http://progtools;404;false;false;false;false;other
ICSE;2011;p71-schaefer.pdf;http://download.oracle.com/javase/6/docs/api/java/;404;false;false;false;false;other
ICSE;2011;p71-schaefer.pdf;http://hdl.handle.net/2142/14536;200;false;true;false;false;other
ICSE;2011;p71-schaefer.pdf;http://wala.sf.net;200;false;true;false;false;other
ICSE;2011;p716-li.pdf;http://maya.cs.depaul.edu/classes/ect584/WEKA/k-means.html;200;false;true;false;false;other
ICSE;2011;p716-li.pdf;http://www.microsoft.com/products/ceip/EN-;404;true;false;false;false;other
ICSE;2011;p716-li.pdf;http://msdn2.microsoft.com/en-us/isv/bb190483.asp;200;false;true;false;false;other
ICSE;2011;p716-li.pdf;http://www.r-project.org/;200;false;true;false;false;other
ICSE;2011;p736-adler.pdf;http://www.alphaworks.ibm.com/tech/focus;200;false;true;false;false;other
ICSE;2011;p736-adler.pdf;http://www.php.net/;200;false;true;false;false;other
ICSE;2011;p756-jhi.pdf;http://people.csail.mit.edu/;200;false;true;false;false;other
ICSE;2011;p756-jhi.pdf;http://bellard.org/tcc/;200;false;true;false;false;other
ICSE;2011;p756-jhi.pdf;http://www.cs;404;false;false;false;false;other
ICSE;2011;p756-jhi.pdf;http://www.openwatcom.org;200;false;true;false;false;other
ICSE;2011;p756-jhi.pdf;http://www.oreans.com/codevirtualizer.php;200;false;true;false;false;other
ICSE;2011;p756-jhi.pdf;http://www.semanticdesigns.com;200;false;true;false;false;other
ICSE;2011;p756-jhi.pdf;http://www.zelix.com/klassmaster/features.html;200;false;true;false;false;other
ICSE;2011;p91-kumar.pdf;http://xmpp.org/extensions/xep-0045.html;200;false;true;false;false;other
ICSE;2014;p1-murphyhill.pdf;http://dx.doi.org/10.1145/2568225.256822605..;404;false;false;false;false;other
ICSE;2014;p1-murphyhill.pdf;http://people.engr.ncsu.edu/ermurph3/experiments/Games.pdf;200;false;true;false;false;other
ICSE;2014;p1-murphyhill.pdf;http://www.linkedin.com;200;false;true;false;false;other
ICSE;2014;p1-murphyhill.pdf;http://qualyzer.bitbucket.org;200;false;true;false;false;other
ICSE;2014;p1-murphyhill.pdf;http://ea-spouse.livejournal.com/274.html;200;false;true;false;false;other
ICSE;2014;p117-salay.pdf;http://www.cs.colostate.edu/;200;false;true;false;false;other
ICSE;2014;p117-salay.pdf;http://www.cs.colostate.edu/remodd/v1/content/;404;false;false;false;false;other
ICSE;2014;p164-lin.pdf;http://garbo;404;true;false;false;false;other
ICSE;2014;p199-wagstrom.pdf;https://jazz.net/;200;false;true;false;false;other
ICSE;2014;p199-wagstrom.pdf;http://cf.agilealliance.org/program/files/11379.pdf;404;false;false;false;false;other
ICSE;2014;p199-wagstrom.pdf;http://open-services.net/;200;false;true;false;false;other
ICSE;2014;p199-wagstrom.pdf;http://agilemanifesto.org/principles.html;200;false;true;false;false;other
ICSE;2014;p199-wagstrom.pdf;http://statnet.org/;200;false;true;false;false;other
ICSE;2014;p199-wagstrom.pdf;http://zachholman.com/posts/how-github-works/;200;false;true;false;false;github
ICSE;2014;p211-singer.pdf;http://semiocast.com/publications/2012_07_30_;404;false;false;false;false;other
ICSE;2014;p211-singer.pdf;https://blog.twitter.com/2013/;404;false;false;false;false;other
ICSE;2014;p211-singer.pdf;https://github.com;200;false;true;false;false;github
ICSE;2014;p211-singer.pdf;http://nealford.com/memeagora/2013/05/28/build_;404;false;false;false;false;other
ICSE;2014;p24-ralph.pdf;http://dx.doi.org/10.1145/2568225.2568261;403;false;false;false;false;other
ICSE;2014;p266-kaleeswaran.pdf;http://dx.doi.org/10.1145/2568225.2568258...$15.00;404;false;false;false;false;other
ICSE;2014;p266-kaleeswaran.pdf;http://www.mathworks.com/products/matlab/;200;false;true;false;false;other
ICSE;2014;p288-arzt.pdf;http://dx.doi.org/10.1145/2568225.2568243;403;false;false;false;false;other
ICSE;2014;p288-arzt.pdf;http://garbo;404;true;false;false;false;other
ICSE;2014;p288-arzt.pdf;http://bodden.de/pubs/TUD-CS-2013-0253.pdf;200;false;true;false;false;other
ICSE;2014;p288-arzt.pdf;http://www.bodden.de/pubs/TUD-CS-2013-0113.pdf;200;false;true;false;false;other
ICSE;2014;p288-arzt.pdf;http://www.junit.org;200;false;true;false;false;other
ICSE;2014;p299-filieri.pdf;http://dx.doi.org/10.1145/2568225.2568272;403;false;false;false;false;other
ICSE;2014;p299-filieri.pdf;http://www.iste.uni-stuttgart.de/rss/people/;200;false;true;false;false;other
ICSE;2014;p299-filieri.pdf;http://www.springsource.org;200;false;true;false;false;other
ICSE;2014;p299-filieri.pdf;http://garbo;404;true;false;false;false;other
ICSE;2014;p322-brindescu.pdf;http://cope.eecs.oregonstate.edu/VCStudy;200;false;true;false;false;other
ICSE;2014;p322-brindescu.pdf;http://cope.eecs.oregonstate.edu/VCStudy/;200;false;true;false;false;other
ICSE;2014;p322-brindescu.pdf;http://cvs.nongnu.org/;200;false;true;false;false;other
ICSE;2014;p322-brindescu.pdf;http://git-scm.com/;200;false;true;false;false;other
ICSE;2014;p322-brindescu.pdf;https://github.com/kevinsawicki/gitective;200;false;true;false;false;github
ICSE;2014;p322-brindescu.pdf;http://www.github.com/;200;false;true;false;false;github
ICSE;2014;p322-brindescu.pdf;http://garbo;404;true;false;false;false;other
ICSE;2014;p322-brindescu.pdf;http://www.sourceforge.net/;200;false;true;false;false;other
ICSE;2014;p322-brindescu.pdf;http://srda.cse.nd.edu/;200;false;true;false;false;other
ICSE;2014;p322-brindescu.pdf;http://subversion.tigris.org/;200;false;true;false;false;other
ICSE;2014;p322-brindescu.pdf;https://github.com/nirvdrum/svn2git;200;false;true;false;false;github
ICSE;2014;p322-brindescu.pdf;http://tiny.cc/VCStudy;404;false;false;false;false;other
ICSE;2014;p322-brindescu.pdf;https://www.readwriteweb.com/hack/2011/06/;404;false;false;false;false;other
ICSE;2014;p356-tsay.pdf;http://dx.doi.org/10.1145/2568225.256831505..;404;false;false;false;false;other
ICSE;2014;p356-tsay.pdf;https://github.com/blog/1724-;200;true;true;false;false;github
ICSE;2014;p356-tsay.pdf;https://wiki.gnome.org/Foundation/Charter;200;false;true;false;false;other
ICSE;2014;p356-tsay.pdf;http://www.githubarchive.org/;200;false;true;false;false;github
ICSE;2014;p356-tsay.pdf;http://github.com;200;false;true;false;false;github
ICSE;2014;p356-tsay.pdf;http://www.mozilla.org/en-US/about/governance/;200;false;true;false;false;other
ICSE;2014;p356-tsay.pdf;http://www.apache.org/foundation/how;404;false;false;false;false;other
ICSE;2014;p390-rodeghero.pdf;http://www3.nd.edu/~prodeghe/projects/eyesum/;200;false;true;false;false;other
ICSE;2014;p402-fritz.pdf;http://research.microsoft.com/apps/pubs/?id=209878;200;false;true;false;false;other
ICSE;2014;p435-inozemtseva.pdf;http://linozemtseva.com/research/2014/icse/;403;false;false;false;false;other
ICSE;2014;p435-inozemtseva.pdf;http://linozemtseva.com/research/2014/icse/;403;false;false;false;false;other
ICSE;2014;p435-inozemtseva.pdf;http://poi.apache.org;200;false;true;false;false;other
ICSE;2014;p435-inozemtseva.pdf;https://code.google.com/p/closure-compiler/;200;false;true;false;false;other
ICSE;2014;p435-inozemtseva.pdf;http://codecover.org/;200;false;true;false;false;other
ICSE;2014;p435-inozemtseva.pdf;http://coverlipse.sourceforge.net/;200;false;true;false;false;other
ICSE;2014;p435-inozemtseva.pdf;http://garbo;404;true;false;false;false;other
ICSE;2014;p435-inozemtseva.pdf;http://hsqldb.org;200;false;true;false;false;other
ICSE;2014;p435-inozemtseva.pdf;http://jfree.org/jfreechart;200;false;true;false;false;other
ICSE;2014;p435-inozemtseva.pdf;http://joda-time.sourceforge.net;200;false;true;false;false;other
ICSE;2014;p435-inozemtseva.pdf;http://pitest.org/;200;false;true;false;false;other
ICSE;2014;p435-inozemtseva.pdf;https://code.google.com/p/randoop/;200;false;true;false;false;other
ICSE;2014;p435-inozemtseva.pdf;http://www;404;false;false;false;false;other
ICSE;2014;p435-inozemtseva.pdf;http://dwheeler.com/sloccount;666;false;false;false;false;other
ICSE;2014;p48-yu.pdf;http://jigsaw.w3.org;200;false;true;false;false;other
ICSE;2014;p48-yu.pdf;http://logging.apache.org/log4;404;false;false;false;false;other
ICSE;2014;p48-yu.pdf;http://docs.oracle.com/javase/tutorial;200;false;true;false;false;other
ICSE;2014;p48-yu.pdf;http://weblech.sourceforge.net;200;false;true;false;false;other
ICSE;2014;p48-yu.pdf;http://www.sable.mcgill.ca/soot/;200;false;true;false;false;other
ICSE;2014;p480-liu.pdf;http://www.sable.mcgill.ca/soot/;200;false;true;false;false;other
ICSE;2014;p480-liu.pdf;http://www.cse.ust.hk/prism/MGL/TR.pdf;200;false;true;false;false;other
ICSE;2014;p480-liu.pdf;http://www.javacodegeeks.com/2012/07/;200;false;true;false;false;other
ICSE;2014;p503-manotas.pdf;http://java.dzone.com/articles/java-collection-performance;200;false;true;false;false;other
ICSE;2014;p503-manotas.pdf;http://javolution.org;200;false;true;false;false;other
ICSE;2014;p503-manotas.pdf;http://fastutil.di.unimi.it;200;false;true;false;false;other
ICSE;2014;p503-manotas.pdf;http://commons.apache.org/proper/commons-collections;200;false;true;false;false;other
ICSE;2014;p503-manotas.pdf;https://github.com/goldmansachs/gs-collections;200;false;true;false;false;github
ICSE;2014;p503-manotas.pdf;https://code.google.com/p/guava-libraries/;200;false;true;false;false;other
ICSE;2014;p503-manotas.pdf;http://asm.ow2.org;200;false;true;false;false;other
ICSE;2014;p503-manotas.pdf;http://sir.unl.edu;200;false;true;false;false;other
ICSE;2014;p503-manotas.pdf;https://sourceforge.net;200;false;true;false;false;other
ICSE;2014;p503-manotas.pdf;http://commons.apache.org;200;false;true;false;false;other
ICSE;2014;p503-manotas.pdf;http://web;404;false;false;false;false;other
ICSE;2014;p503-manotas.pdf;http://garbo;404;true;false;false;false;other
ICSE;2014;p503-manotas.pdf;http://lasr.cs.ucla.edu/deep/FrontPage?action=;404;false;false;false;false;other
ICSE;2014;p503-manotas.pdf;http://wala.sf.net;200;false;true;false;false;other
ICSE;2014;p503-manotas.pdf;https://www.wattsupmeters.com/secure/;200;false;true;false;false;other
ICSE;2014;p515-nikzad.pdf;http://androidannotations.org/;200;false;true;false;false;other
ICSE;2014;p515-nikzad.pdf;https://code.google.com/p/google-guice/;200;false;true;false;false;other
ICSE;2014;p515-nikzad.pdf;http://garbo;404;true;false;false;false;other
ICSE;2014;p515-nikzad.pdf;https://github.com/roboguice/roboguice;200;false;true;false;false;github
ICSE;2014;p539-godefroid.pdf;http://www.junit.org/;200;false;true;false;false;other
ICSE;2014;p550-bell.pdf;http://svn.apache.org/repos/;404;false;false;false;false;other
ICSE;2014;p550-bell.pdf;http://junit.org/;200;false;true;false;false;other
ICSE;2014;p550-bell.pdf;http://www.ohloh.net;200;false;true;false;false;other
ICSE;2014;p550-bell.pdf;http://ant.apache.org/;200;false;true;false;false;other
ICSE;2014;p550-bell.pdf;http://maven.apache.org/;200;false;true;false;false;other
ICSE;2014;p550-bell.pdf;https://github.com/Programming-Systems-;404;true;false;false;false;github
ICSE;2014;p550-bell.pdf;http://mice.cs.columbia.edu/getTechreport.php?;404;false;false;false;false;other
ICSE;2014;p550-bell.pdf;http://www.blackducksoftware.com/news/;200;false;true;false;false;other
ICSE;2014;p573-androutsopoulos.pdf;http://www.gnu.org/software/gdb/;200;false;true;false;false;other
ICSE;2014;p573-androutsopoulos.pdf;http://www.honeylocust.com/RngPack/;200;false;true;false;false;other
ICSE;2014;p573-androutsopoulos.pdf;http://cm.bell-;404;true;false;false;false;other
ICSE;2014;p573-androutsopoulos.pdf;http://gretl.sourceforge.net;200;false;true;false;false;other
ICSE;2014;p573-androutsopoulos.pdf;http://www.r-project.org;200;false;true;false;false;other
ICSE;2014;p584-cacho.pdf;http://dx.doi.org/10.1145/2568225.2568308;403;false;false;false;false;other
ICSE;2014;p584-cacho.pdf;http://www.tiobe.com/index.php/content/paperinfo/tpci/;200;false;true;false;false;other
ICSE;2014;p584-cacho.pdf;http://archive.msdn.microsoft.com/LOCCounter(01/09/201;443;false;false;false;false;other
ICSE;2014;p584-cacho.pdf;http://research.microsoft.com/en-us/projects/cci/;404;false;false;false;false;other
ICSE;2014;p584-cacho.pdf;http://www.sourcegear.com/diffmerge/;200;false;true;false;false;other
ICSE;2014;p584-cacho.pdf;http://www.campwoodsw.com/sourcemonitor.html(01/09/20;404;false;false;false;false;other
ICSE;2014;p584-cacho.pdf;http://www.dimap.ufrn.br/~neliocacho/csharpstudy.html;200;false;true;false;false;other
ICSE;2014;p60-huang.pdf;http://cseweb.ucsd.edu/~peh003/perfscope;200;false;true;false;false;other
ICSE;2014;p60-huang.pdf;http://ideone.com/6d70fJ;200;false;true;false;false;other
ICSE;2014;p60-huang.pdf;http://cseweb.ucsd.edu/~peh003/perfscope;200;false;true;false;false;other
ICSE;2014;p60-huang.pdf;http://www.oracle.com/;200;false;true;false;false;other
ICSE;2014;p60-huang.pdf;https://code.google.com/p/;200;false;true;false;false;other
ICSE;2014;p60-huang.pdf;http://build;404;false;false;false;false;other
ICSE;2014;p60-huang.pdf;http://en.wikipedia.org/wiki/Code_;200;false;true;false;false;other
ICSE;2014;p60-huang.pdf;http://msdn.microsoft.com/;200;false;true;false;false;other
ICSE;2014;p60-huang.pdf;http://googletesting;404;false;false;false;false;other
ICSE;2014;p60-huang.pdf;http://bugs.mysql.com/bug.php?;200;false;true;false;false;other
ICSE;2014;p60-huang.pdf;http://oprofile.sourceforge.net;200;false;true;false;false;other
ICSE;2014;p60-huang.pdf;http://www.postgresql.org/;200;false;true;false;false;other
ICSE;2014;p60-huang.pdf;http://www;404;false;false;false;false;other
ICSE;2014;p60-huang.pdf;http://msdn.microsoft.com/;200;false;true;false;false;other
ICSE;2014;p60-huang.pdf;http://;404;false;false;false;false;other
ICSE;2014;p60-huang.pdf;http://gcc.gnu.org/ml/gcc/2005-11/msg01306;404;false;false;false;false;other
ICSE;2014;p60-huang.pdf;http://lwn.net/Articles/412747/;200;false;true;false;false;other
ICSE;2014;p60-huang.pdf;http://gcc.gnu.org/ml/gcc/2010-06/msg00715;404;false;false;false;false;other
ICSE;2014;p676-chen.pdf;http://freemarker.org/;200;false;true;false;false;other
ICSE;2014;p676-chen.pdf;http://projects.ikv.de/qvt/wiki;200;false;true;false;false;other
ICSE;2014;p676-chen.pdf;http://wiki.eclipse.org/Model;404;false;false;false;false;other
ICSE;2014;p676-chen.pdf;http://www.omg.org/spec/QVT/1.0/PDF/;200;false;true;false;false;other
ICSE;2014;p95-maoz.pdf;http://autofocus.informatik.tu-muenchen.de/;200;false;true;false;false;other
ICSE;2014;p95-maoz.pdf;http://www.monticore.de/languages/montiarc/;200;false;true;false;false;other
ICSE;2014;p95-maoz.pdf;http://www.se-rwth.de/materials/cncviews/;200;false;true;false;false;other
ICSE;2014;p95-maoz.pdf;http://www.aadl.info/;200;false;true;false;false;other
ICSE;2014;p95-maoz.pdf;http://www.cs.cmu.edu/~acme/AcmeStudio/;200;false;true;false;false;other
ICSE;2014;p95-maoz.pdf;http://mindstorms.lego.com/;200;false;true;false;false;other
ICSE;2014;p95-maoz.pdf;http://www.mathworks.com/products/simulink/;200;false;true;false;false;other
ICSE;2014;p95-maoz.pdf;http://www.nxtprograms.com/bumper_car/;200;false;true;false;false;other
ICSE;2014;p95-maoz.pdf;http://www.uml.org/;200;false;true;false;false;other
ICSE;2014;p95-maoz.pdf;http://www.omg.org/spec/SysML/1.3/;200;false;true;false;false;other
ICSE;2017;p141-hoda.pdf;http://stateofagile.versionone.com/;200;false;true;false;false;other
ICSE;2017;p15-gopalakrishnan.pdf;http://ghtorrent.org/;200;false;true;false;false;other
ICSE;2017;p15-gopalakrishnan.pdf;http://goo.gl/jmi7Qb;200;false;true;false;false;shortener
ICSE;2017;p15-gopalakrishnan.pdf;http://goo.gl/S3XXqh;200;false;true;false;false;shortener
ICSE;2017;p209-soltani.pdf;http://www.evocrash.org/;200;false;true;false;false;other
ICSE;2017;p209-soltani.pdf;https://commons.apache.org/proper/commons-collections/;200;false;true;false;false;other
ICSE;2017;p209-soltani.pdf;http://ant.apache.org;200;false;true;false;false;other
ICSE;2017;p209-soltani.pdf;http://logging.apache.org/log4j/2.x/;200;false;true;false;false;other
ICSE;2017;p209-soltani.pdf;https://issues.apache.org/jira/secure/Dashboard.jspa;200;false;true;false;false;other
ICSE;2017;p209-soltani.pdf;https://bz.apache.org/bugzilla/;200;false;true;false;false;other
ICSE;2017;p209-soltani.pdf;https://bz.apache.org/bugzilla/showg.cgi?id=49137;404;false;false;false;false;other
ICSE;2017;p209-soltani.pdf;http://dx.doi.org/10.1109/TSE.2012.14;200;false;true;false;false;other
ICSE;2017;p209-soltani.pdf;http://dx.doi.org/10.1007/;200;false;true;false;false;other
ICSE;2017;p209-soltani.pdf;http://doi.acm.org/10.1145/1065010.1065036;403;false;false;false;true;other
ICSE;2017;p209-soltani.pdf;http://dl.acm.org/citation.cfm?id=1792786.1792798;403;false;false;false;false;other
ICSE;2017;p209-soltani.pdf;http://doi.acm.org/10.1145/2786805;403;false;false;false;true;other
ICSE;2017;p209-soltani.pdf;http://garbo;404;true;false;false;false;other
ICSE;2017;p209-soltani.pdf;http://doi.acm.org/10.1145/1735970.1736039;403;false;false;false;true;other
ICSE;2017;p209-soltani.pdf;http://dx.doi.org/10.1109/TSE.2014.2364175;200;false;true;false;false;other
ICSE;2017;p209-soltani.pdf;http://doi.acm.org/10.1145/566172.566191;403;false;false;false;true;other
ICSE;2017;p209-soltani.pdf;http://dx.doi.org/10.1109/ICSE.2007.37;200;false;true;false;false;other
ICSE;2017;p209-soltani.pdf;http://doi.acm.org/10.1145/1831708.1831729;403;false;false;false;true;other
ICSE;2017;p209-soltani.pdf;http://dx.doi.org/10;404;false;false;false;false;other
ICSE;2017;p209-soltani.pdf;http://garbo;404;true;false;false;false;other
ICSE;2017;p266-choudhary.pdf;https://github.com/michaelpradel/ConTeGe/tree/CovCon;200;false;true;false;false;github
ICSE;2017;p266-choudhary.pdf;https://github.com/michaelpradel/ConTeGe;200;false;true;false;false;github
ICSE;2017;p3-guo.pdf;http://torch.ch;200;false;true;false;false;other
ICSE;2017;p3-guo.pdf;https://github.com/jin-;404;true;false;false;false;github
ICSE;2017;p3-guo.pdf;https://www.fra.dot.gov/Page/P0358;200;false;true;true;false;other
ICSE;2017;p312-lee.pdf;http://softarch.usc.edu/sealant/;200;false;true;false;false;other
ICSE;2017;p312-lee.pdf;http://softarch.usc.edu/sealant/;200;false;true;false;false;other
ICSE;2017;p312-lee.pdf;http://softarch.usc.edu/sealant/;200;false;true;false;false;other
ICSE;2017;p312-lee.pdf;http://www.norton.com/;200;false;true;false;false;other
ICSE;2017;p312-lee.pdf;http://garbo;404;true;false;false;false;other
ICSE;2017;p312-lee.pdf;https://developer.android.com/guide/components/intents-;404;true;false;false;false;other
ICSE;2017;p312-lee.pdf;https://source.android.com;200;false;true;false;false;other
ICSE;2017;p312-lee.pdf;https://developer.android.com/about/;200;false;true;false;false;other
ICSE;2017;p312-lee.pdf;https://developer;404;false;false;false;false;other
ICSE;2017;p312-lee.pdf;http://developer.android.com/tools/help/adb;200;false;true;false;false;other
ICSE;2017;p312-lee.pdf;http://garbo;404;true;false;false;false;other
ICSE;2017;p312-lee.pdf;http://sites.google.com/site/icctawebpage;200;false;true;false;false;other
ICSE;2017;p312-lee.pdf;http://garbo;404;true;false;false;false;other
ICSE;2017;p312-lee.pdf;http://cafebazaar.ir;200;false;true;false;false;other
ICSE;2017;p312-lee.pdf;https://code.google.com/;200;false;true;false;false;other
ICSE;2017;p312-lee.pdf;http://www.sourcecodester.com/android;200;false;true;false;false;other
ICSE;2017;p312-lee.pdf;https://developer.android;443;false;false;false;false;other
ICSE;2017;p312-lee.pdf;http://www.nielsen.com/us/en/insights/news/2015/so-many-apps-;404;true;false;false;false;other
ICSE;2017;p312-lee.pdf;https://insights.samsung.com/2015/10/12/is-rooting-your-phone-;200;true;true;false;false;other
ICSE;2017;p312-lee.pdf;https://developer.android.com/studio/;200;false;true;false;false;other
ICSE;2017;p312-lee.pdf;http://www.appsapk.com;200;false;true;false;false;other
ICSE;2017;p312-lee.pdf;https://github.com/secure-software-;404;true;false;false;false;github
ICSE;2017;p312-lee.pdf;http://developer;404;false;false;false;false;other
ICSE;2017;p312-lee.pdf;http://play.google.com/store/apps;200;false;true;false;false;other
ICSE;2017;p312-lee.pdf;http://developer;404;false;false;false;false;other
ICSE;2017;p347-zhang.pdf;https://f-droid.org;200;false;true;false;false;other
ICSE;2017;p347-zhang.pdf;https://developer.android.com/design/;200;false;true;false;false;other
ICSE;2017;p347-zhang.pdf;http://garbo;404;true;false;false;false;other
ICSE;2017;p347-zhang.pdf;https://developer.android.com/wear;200;false;true;false;false;other
ICSE;2017;p347-zhang.pdf;https://developer.android.com/training/;200;false;true;false;false;other
ICSE;2017;p347-zhang.pdf;https://developer.android.com/tools/;200;false;true;false;false;other
ICSE;2017;p347-zhang.pdf;http://spruce.cs.ucr.edu/;200;false;true;false;false;other
ICSE;2017;p347-zhang.pdf;https://developer.android.com/reference/android/app/;404;false;false;false;false;other
ICSE;2017;p347-zhang.pdf;https://github.com/;200;false;true;false;false;github
ICSE;2017;p347-zhang.pdf;https://developer.android.com/training/;200;false;true;false;false;other
ICSE;2017;p347-zhang.pdf;https://github.com/;200;false;true;false;false;github
ICSE;2017;p347-zhang.pdf;https://github.com/xiaocong/;200;false;true;false;false;github
ICSE;2017;p347-zhang.pdf;https://pypi.python.org/pypi/pytesseract;200;false;true;false;false;other
ICSE;2017;p358-xue.pdf;https://sites.google.com/site/packergrind;200;false;true;false;false;other
ICSE;2017;p358-xue.pdf;https://www.statista.com/topics/876/;200;false;true;false;false;other
ICSE;2017;p358-xue.pdf;https://f-droid.org/;200;false;true;false;false;other
ICSE;2017;p358-xue.pdf;http://dev.360.cn/;200;false;true;false;false;other
ICSE;2017;p358-xue.pdf;http://arcy24.blogspot.hk/2014/09/report-97-of-mobile-;404;true;false;false;false;other
ICSE;2017;p358-xue.pdf;http://jaq.alibaba.com/;200;false;true;false;false;other
ICSE;2017;p358-xue.pdf;http://www.bangcle.com/;200;false;true;false;false;other
ICSE;2017;p358-xue.pdf;https://www.qcloud.com/product/cr;200;false;true;false;false;other
ICSE;2017;p358-xue.pdf;https://www.cisco.com/;200;false;true;false;false;other
ICSE;2017;p358-xue.pdf;http://www.ijiami.cn/;200;false;true;false;false;other
ICSE;2017;p358-xue.pdf;https://www.paloaltonetworks.com/products/secure-the-;404;true;false;false;false;other
ICSE;2017;p358-xue.pdf;https://sourceforge.net/projects/apkprotect;200;false;true;false;false;other
ICSE;2017;p358-xue.pdf;http://www.nagain.com/;200;false;true;false;false;other
ICSE;2017;p358-xue.pdf;https://www.netqin.com;200;false;true;false;false;other
ICSE;2017;p358-xue.pdf;http://www.payegis.com/;200;false;true;false;false;other
ICSE;2017;p358-xue.pdf;http://www.gsmarena.com/lg;404;false;false;false;false;other
ICSE;2017;p358-xue.pdf;https://github.com/halfkiss/ZjDroid;200;false;true;false;false;github
ICSE;2017;p358-xue.pdf;https://github.com/JesusFreke/smali;200;false;true;false;false;github
ICSE;2017;p358-xue.pdf;https://developer.android.com/studio/command-line/index;404;false;false;false;false;other
ICSE;2017;p358-xue.pdf;https://github.com/pxb1988/dex2jar;200;false;true;false;false;github
ICSE;2017;p358-xue.pdf;https://github.com/skylot/jadx;200;false;true;false;false;github
ICSE;2017;p358-xue.pdf;https://www.owasp.org/index.php/;200;false;true;false;false;other
ICSE;2017;p358-xue.pdf;https://www.hex-rays.com/products/ida/;200;false;true;false;false;other
ICSE;2017;p358-xue.pdf;https://www;404;false;false;false;false;other
ICSE;2017;p358-xue.pdf;https://www.symantec.com/connect/blogs/;200;false;true;false;false;other
ICSE;2017;p358-xue.pdf;http://http://bench.chain;404;false;false;false;false;other
ICSE;2017;p358-xue.pdf;https://github.com/strazzere/android-unpacker;200;false;true;false;false;github
ICSE;2017;p358-xue.pdf;https://source.android.com/devices/tech/;200;false;true;false;false;other
ICSE;2017;p358-xue.pdf;http://app.baidu.com;200;false;true;false;false;other
ICSE;2017;p462-xu.pdf;http://pat.scse.ntu.edu.sg/spain/;443;false;false;false;false;other
ICSE;2017;p462-xu.pdf;http://www.datarescue.com/idabase;200;false;true;false;false;other
ICSE;2017;p462-xu.pdf;http://www.intel.com/content/www/us/en/processors/architectures-;404;true;false;false;false;other
ICSE;2017;p473-padhye.pdf;https://github.com/rohanpadhye/travioli;200;false;true;false;false;github
ICSE;2017;p473-padhye.pdf;https://github.com/rohanpadhye/travioli;200;false;true;false;false;github
ICSE;2017;p473-padhye.pdf;https://github.com/d3/d3-hierarchy/issues/44;200;false;true;false;false;github
ICSE;2017;p473-padhye.pdf;https://github.com/expressjs/express/issues/3065;200;false;true;false;false;github
ICSE;2017;p473-padhye.pdf;https://benchmarkjs.com;200;false;true;false;false;other
ICSE;2017;p473-padhye.pdf;https://chromeperf.appspot.com;200;false;true;false;false;other
ICSE;2017;p473-padhye.pdf;https://d3js.org;200;false;true;false;false;other
ICSE;2017;p473-padhye.pdf;http://garbo;404;true;false;false;false;other
ICSE;2017;p473-padhye.pdf;https://github.com/d3/d3-hierarchy;200;false;true;false;false;github
ICSE;2017;p473-padhye.pdf;https://github.com/expressjs/express;200;false;true;false;false;github
ICSE;2017;p473-padhye.pdf;http://garbo;404;true;false;false;false;other
ICSE;2017;p473-padhye.pdf;http://garbo;404;true;false;false;false;other
ICSE;2017;p473-padhye.pdf;https://nodejs.org;200;false;true;false;false;other
ICSE;2017;p49-rodeghero.pdf;http://www3.nd.edu/;200;false;true;false;false;other
ICSE;2017;p49-rodeghero.pdf;http://www3.nd.edu/;200;false;true;false;false;other
ICSE;2017;p49-rodeghero.pdf;http://garbo;404;true;false;false;false;other
ICSE;2017;p49-rodeghero.pdf;http://garbo;404;true;false;false;false;other
ICSE;2017;p49-rodeghero.pdf;http://doi.acm.org/10.1145/1390630.1390647;403;false;false;false;true;other
ICSE;2017;p49-rodeghero.pdf;http://dx.doi.org/10.1109/RE.2006.65;200;false;true;false;false;other
ICSE;2017;p49-rodeghero.pdf;http://dx.doi.org/10.3115/1034678.1034760;403;false;false;false;false;other
ICSE;2017;p49-rodeghero.pdf;http://doi.acm.org/10.1145/1143844.1143865;403;false;false;false;true;other
ICSE;2017;p49-rodeghero.pdf;http://doi.acm.org/10.1145/1858996.1859006;403;false;false;false;true;other
ICSE;2017;p49-rodeghero.pdf;http://doi.acm.org/10.1145/1985793.1985808;403;false;false;false;true;other
ICSE;2017;p49-rodeghero.pdf;http://dx.doi.org/10.1109/ICPC.2011.28;200;false;true;false;false;other
ICSE;2017;p519-heo.pdf;http://scikit-learn.org;200;false;true;false;false;other
ICSE;2017;p519-heo.pdf;https://cve.mitre.org;200;false;true;false;false;other
ICSE;2017;p519-heo.pdf;http://doi.acm.org/10.1145/130385.130401;403;false;false;false;true;other
ICSE;2017;p552-busari.pdf;https://ucl-badass.github.io/radar/;200;false;true;false;false;github
ICSE;2017;p552-busari.pdf;https://arxiv.org/abs/1702.02977;200;false;true;false;false;other
ICSE;2017;p563-behringer.pdf;https://www.jetbrains.com/mps/;200;false;true;false;false;other
ICSE;2017;p563-behringer.pdf;https://github.com/searchbox-io/;200;false;true;false;false;github
ICSE;2017;p563-behringer.pdf;http://peopl.de/icse2017;200;false;true;false;false;other
ICSE;2017;p621-tzoref-brill.pdf;http://smlab.cs.tau.ac.il/ctd/;200;false;true;false;false;academic
ICSE;2017;p621-tzoref-brill.pdf;http://garbo;404;true;false;false;false;other
ICSE;2017;p621-tzoref-brill.pdf;http://javaddlib.sourceforge.net/jdd/;200;false;true;false;false;other
ICSE;2017;p621-tzoref-brill.pdf;http://burtleburtle.net/bob/math/jenny.html;200;false;true;false;false;other
ICSE;2017;p621-tzoref-brill.pdf;http://www.pairwise.org/tools.asp;200;false;true;false;false;other
ICSE;2017;p654-perez.pdf;http://goo.gl/bhXOrN;200;false;true;false;false;shortener
ICSE;2017;p654-perez.pdf;https://github.com/rjust/defects4j;200;false;true;false;false;github
ICSE;2017;p654-perez.pdf;http://www.evosuite.org;200;false;true;false;false;other
ICSE;2017;p654-perez.pdf;https://github.com/TQRG/;200;false;true;false;false;github
ICSE;2017;p654-perez.pdf;http://goo.gl/S5HhZ7;200;false;true;false;false;shortener
ICSE;2017;p654-perez.pdf;https://github.com/aperez/eAVENiplugin;404;false;false;false;false;github
ICSE;2017;p654-perez.pdf;https://github;404;false;false;false;false;github
ICSE;2017;p654-perez.pdf;http://dx.doi.org/10.1111/j.2006;404;false;false;false;false;other
ICSE;2017;p665-zhang.pdf;http://x-stream.github.io/;200;false;true;false;false;github
ICSE;2017;p665-zhang.pdf;http://web.cs.ucla.edu/;200;false;true;false;false;other
ICSE;2017;p665-zhang.pdf;http://www.eclemma.org/jacoco/;200;false;true;false;false;other
ICSE;2017;p665-zhang.pdf;https://en.wikipedia.org/wiki/;200;false;true;false;false;other
ICSE;2017;p665-zhang.pdf;https://en.wikipedia.org/;200;false;true;false;false;other
ICSE;2017;p665-zhang.pdf;http://doi.acm.org/10.1145/1993498;403;false;false;false;true;other
ICSE;2017;p665-zhang.pdf;http://doi.acm.org/10.1145/1858996.1859089;403;false;false;false;true;other
ICSE;2017;p665-zhang.pdf;http://doi.acm.org/10.1145/2771783.2771796;403;false;false;false;true;other
ICSE;2017;p689-shi.pdf;http://mir.cs.illinois.edu/awshi2/testoptimizer;200;false;true;false;false;other
ICSE;2017;p689-shi.pdf;http://bazel.io/;200;false;true;false;false;other
ICSE;2017;p689-shi.pdf;http://www.fastbuild.org/docs/home.html;200;false;true;false;false;other
ICSE;2017;p689-shi.pdf;http://research.microsoft.com/;200;false;true;false;false;other
ICSE;2017;p689-shi.pdf;https://msdn.microsoft.com/en-us/library/;200;false;true;false;false;other
ICSE;2017;p71-chen.pdf;http://www.soxlaw.com/;200;false;true;false;false;other
ICSE;2017;p71-chen.pdf;https://;404;false;false;false;false;other
ICSE;2017;p71-chen.pdf;https://exchange.nagios.org/directory/Plugins/Log-Files;200;false;true;false;false;other
ICSE;2017;p71-chen.pdf;http://logging.apache.org/log4j/1.2/;200;false;true;false;false;other
ICSE;2017;p71-chen.pdf;http://commons.apache.org/proper/;200;false;true;false;false;other
ICSE;2017;p71-chen.pdf;https://issues.apache.org/jira/browse/YARN-5506;200;false;true;false;false;other
ICSE;2017;p71-chen.pdf;https://eclipse.org/aspectj/;200;false;true;false;false;other
ICSE;2017;p71-chen.pdf;http://nemo9cby.github;404;false;false;false;false;github
ICSE;2017;p71-chen.pdf;http://svn-dump.apache;404;false;false;false;false;other
ICSE;2017;p71-chen.pdf;https://eclipse.org/jdt/;200;false;true;false;false;other
ICSE;2017;p712-jiang.pdf;http://mallet.cs.umass.edu/topics.php;200;false;true;false;false;other
ICSE;2017;p712-jiang.pdf;https://code.google.com/archive/p/java-;200;true;true;false;false;other
ICSE;2017;p712-jiang.pdf;https://code.google.com/archive/p/ik-analyzer/;200;false;true;false;false;other
ICSE;2017;p712-jiang.pdf;https://code.google.com/archive/p/machine-learning-dcc-;200;true;true;false;false;other
ICSE;2017;p712-jiang.pdf;https://msdn.microsoft.com/en-;404;true;false;false;false;other
ICSE;2017;p724-bocic.pdf;http://bocete.github.io/adsl/;200;false;true;false;false;github
ICSE;2017;p724-bocic.pdf;http://bocete.github.io/adsl/;200;false;true;false;false;github
ICSE;2017;p724-bocic.pdf;http://tinyurl.com/symext;200;false;true;false;false;shortener
ICSE;2017;p724-bocic.pdf;https://github.com/activeadmin/;200;false;true;false;false;github
ICSE;2017;p724-bocic.pdf;https://github.com/ryanb/cancan;200;false;true;false;false;github
ICSE;2017;p724-bocic.pdf;http://www.opensourcerails.com;200;false;true;false;false;other
ICSE;2017;p724-bocic.pdf;https://github.com/ActsAsParanoid/acts;404;false;false;false;false;github
ICSE;2017;p746-servant.pdf;http://people.cs.vt.edu/fservant/replication/17-ICSE-Servant-Jones.zip;200;false;true;false;false;other
ICSE;2017;p746-servant.pdf;http://commons.apache.org/proper/commons-io;200;false;true;false;false;other
ICSE;2017;p746-servant.pdf;https://developer.mozilla.org/en-;200;true;true;false;false;other
ICSE;2017;p746-servant.pdf;http://www.eclipse.org/aspectj/;200;false;true;false;false;other
ICSE;2017;p82-khatchadourian.pdf;http://eclipse.org;200;false;true;false;false;other
ICSE;2017;p82-khatchadourian.pdf;http://github.com;200;false;true;false;false;github
ICSE;2017;p82-khatchadourian.pdf;http://cuny.is/interefact;200;false;true;false;false;other
ICSE;2017;p82-khatchadourian.pdf;http://git.io/v2nX0large;404;false;false;false;false;other
ICSE;2017;p82-khatchadourian.pdf;http://docs.oracle.com/javase/8/docs/technotes/;404;false;false;false;false;other
ICSE;2017;p82-khatchadourian.pdf;http://garbo;404;true;false;false;false;other
ICSE;2017;p82-khatchadourian.pdf;http://docs.oracle.com/javase/tutorial/java/IandI/;200;false;true;false;false;other
ICSE;2017;p82-khatchadourian.pdf;http://cr.openjdk.java.net/;200;false;true;false;false;other
ICSE;2017;p82-khatchadourian.pdf;http://docs.oracle.com/;200;false;true;false;false;other
ICSE;2017;p82-khatchadourian.pdf;http://cr.openjdk.java.net/~briangoetz/lambda/;200;false;true;false;false;other
ICSE;2017;p82-khatchadourian.pdf;http://programming.guide/;200;false;true;false;false;other
